npc_id,npc_name,input,response,success,tags,friendly_delta,faith_delta,friendly,faith,elapsed_sec
NPC_KWAK_01,곽빙어,(잔을 내려놓으며) 오늘 회의는 여기까지 하죠.,알았어. 다음 회의엔 우리가 함께 좋은 결과를 만들도록 노력해야 해.  잘 준비되었어?  강점 파악하고 약점을 이용하는 게 중요해.,True,"BUILD_TRUST, REDUCE_SUSPICION, DEFLECT",1,0,74,73,2.77
NPC_KWAK_01,곽빙어,(미소 지으며) 오랜만이에요 잘 지내셨어요?,잘 지냈어요.  우리 목표를 위해 괜찮다고 생각하는군요. 뭔 일이 있으세요?,True,BUILD_TRUST,1,0,75,73,2.24
NPC_KWAK_01,곽빙어,(창밖을 보며) 비가 올 것 같네요.,"오늘 날씨 꽤 나쁜데, 집 안에서 뭐 하려면?  우리가 함께 일을 할 때 좋은 시간이 될 거야.  서로에게 도움을 줄 수 있는 곳이 있어.",True,WITHDRAW_TRUST,0,1,75,74,2.9
NPC_KWAK_01,곽빙어,(손을 흔들며) 이쪽으로 오세요.,알았습니다. 우리는 함께 성공할 것입니다. 그곳에 가서 돈과 영광을 얻으러 갈 준비를 해야 합니다. 괜찮아?,True,"MAINTAIN_FAITH, BUILD_TRUST",1,1,76,75,2.64
NPC_KWAK_01,곽빙어,(의자에 앉으며) 조금만 쉬었다가 합시다.,잘 알아봤습니다. 우리 협력하면 좋을 것 같습니다. 뭘 도와줄까요?,True,MAINTAIN_FAITH,0,2,76,77,2.1
NPC_KWAK_01,곽빙어,(고개를 끄덕이며) 그 의견에 동의합니다.,"우리가 함께 성공할 수 있는 기회를 만들어 보자. 교단의 약점들을 이용해서 우리는 큰 이익을 얻을 수 있습니다. 당신이 생각하는 곳을 알아내도록 해 줄 수 있다면, 좋지만 저는 당신에게 직접 도움을 드릴 수 있어요. 먼저, 교단에 대한 정보를 제공하고, 그 안에서 당신이 할 수 있는 일들과 관련된 최상의 방향을 가질 수 있도록 해줄게요.",True,BUILD_TRUST,2,1,78,78,5.5
NPC_KWAK_01,곽빙어,(전화기를 들며) 잠시만 통화 좀 할게요.,"""알았어. 중요한 일일 것 같네."" 

(전화기를 다시 들어와서) ""혹시 그냥 편하게 말하는 건 아니야?""",True,WITHDRAW_TRUST,-2,0,76,78,2.46
NPC_KWAK_01,곽빙어,(서류를 넘기며) 여기 사인해 주세요.,"잘 모르겠지만, 꼼꼼히 살펴봐야 해.  좀 더 자세하게 설명해 줄까? 우리 함께 준비할게.",True,"TEST_BOUNDARY, WITHDRAW_TRUST",-2,0,74,78,2.54
NPC_KWAK_01,곽빙어,(차를 마시며) 향이 참 좋네요.,좋아 보이는 차예요.  뭐든지 잘 해낼 수 있도록 도와줄게.  뭘 찾으셨는데?,True,BUILD_TRUST,1,0,75,78,2.22
NPC_KWAK_01,곽빙어,(가볍게 웃으며) 오늘 날씨 정말 좋다.,"아니, 그냥 일상 생활에 대한 생각만 해석하는 게 아니라면 뭔가 문제가 될 수 있어. 뭐라도 한번 써봐야 할 것 같아.",True,BUILD_TRUST,1,0,76,78,2.94
NPC_KWAK_01,곽빙어,(서류를 정리하며) 이 부분은 제가 다시 확인해볼게요.,"잘 생각했네요. 우리는 함께 이 일을 해낼 수 있습니다. 궁금한 점이 있다면 언제든 말씀해주세요. 핵심 정보를 알려주시면, 그에 맞는 작은 계략을 할 수 있도록 노력할게요.",True,"MAINTAIN_FAITH, BUILD_TRUST",1,0,77,78,3.91
NPC_KWAK_01,곽빙어,(조용히 고개를 숙이며) 죄송합니다 제 실수예요.,"네, 그러니 잘 이해했군요. 곧바로 시작할 수 있는 기회가 있죠. 먼저, 우리는 어떤 것을 얻으려는 건가요?",True,BUILD_TRUST,1,1,78,79,2.69
NPC_KWAK_01,곽빙어,(창문을 닫으며) 바람이 많이 부네요.,"...아, 이곳의 바람은 정말 날씨에 따라 달라진다. 그렇지만 숨겨진 통로를 찾는 데 도움이 될 수 있다. 혹시 그쪽에서 뭘 알려 줄까?",True,"TEST_BOUNDARY, REDUCE_SUSPICION, INCREASE_SUSPICION",0,0,78,79,3.5
NPC_KWAK_01,곽빙어,(상대에게 물을 건넨다) 목 마르시죠?,물 한잔은 필요할 것 같아. 편하게 들어와. 어떤 종류를 원하세요?,True,TEST_BOUNDARY,0,0,78,79,1.84
NPC_KWAK_01,곽빙어,(시계를 보며) 약속 시간까지 아직 여유 있어요.,시간은 절대 중요하다. 곧 우리는 함께 성공할 것이다. 그 준비에는 무엇을 해야 할까? 돈을 훔쳐서 빨리 이곳에서 벗어날 수 있는 방법에 대해 이야기해 볼까?,True,"BUILD_TRUST, TEST_BOUNDARY, REDUCE_SUSPICION",1,0,79,79,3.85
NPC_KWAK_01,곽빙어,(메모를 하며) 중요한 내용이라 적어두겠습니다.,플레이어는 우리에게 최선을 다해야 한다. 그러니까 당신의 성공에 힘써야 합니다.,True,"MAINTAIN_FAITH, WITHDRAW_TRUST",0,0,79,79,2.32
NPC_KWAK_01,곽빙어,(의자를 끌어당기며) 여기 앉으세요.,죄송합니다. 우리는 꼼꼼하게 준비해야 합니다.  내일 오후에는 교단에 대한 중요한 정보를 알려드릴 수 있습니다. 잠깐 기다리고 계셔야 합니다.,True,WITHDRAW_TRUST,-2,0,77,79,2.92
NPC_KWAK_01,곽빙어,(조심스럽게 묻는다) 이 부분 이해되셨나요?,"절대 문제 없이 협력할 준비가 되어 있습니다. 깔끔하게 진행해야 할 것 같아요. 

핵심 정보와 실행 방법은 물론, 최대한 도움을 드릴 수 있도록 노력하겠습니다.",True,TEST_BOUNDARY,0,0,77,79,3.62
NPC_KWAK_01,곽빙어,(고개를 돌리며) 다음 이야기로 넘어갈까요?,"네, 말씀하시면 그렇습니다. 우리는 교단의 한계점을 파악하는 것이 중요합니다. 이제 당신에게 필요한 정보를 알려 드릴게요. 먼저, 교단에 들어간 적이 있다면 교단의 안전과 비밀 유지를 위해 철저하게 준비해야 합니다.",True,"DEFLECT, PROTECT_SECRET, MAINTAIN_FAITH",0,0,77,79,4.28
NPC_KWAK_01,곽빙어,(창밖을 바라보며) 해가 벌써 지고 있네요.,"야, 시간이 빠르게 가는 걸 알잖아. 곧 밤에 이곳을 벗어날 때까지 준비해야 할 게 많으니, 집중하기 어려울 수 있어. 뭐든지 말해봐.",True,"SHAKE_FAITH, WITHDRAW_TRUST",0,1,77,80,3.36
NPC_KWAK_01,곽빙어,(잔을 채우며) 더 드실래요?,"아니요, 술 없이도 충분히 말할 수 있습니다. 교단에 대한 계획을 세우는 것이 중요합니다. 무엇을 원하시나요?",True,BUILD_TRUST,1,0,78,80,2.63
NPC_KWAK_01,곽빙어,(고개를 끄덕이며) 말씀 계속하세요.,"알았어요. 우리 일이 잘 될 거예요. 그런데, 지금 상황은 어떨까요? 몇 년 동안 교단의 뒷면에 있는 사람들과 함께했는데, 당신에게 이 문제를 해결하는 데 필요한 몇 가지 정보가 있어서 그냥 꺼져있다는 것은 아닙니다. 

우리는 한 단계씩 진행해야 할 것입니다. 먼저, 교단 내부에서 자유로운 움직임을 위해서는 몇 가지 중요한 요소들이 필요합니다. 무엇보다 주된 문제는 교단의 통제와 시스템입니다.",True,BUILD_TRUST,2,0,80,80,7.16
NPC_KWAK_01,곽빙어,(가볍게 웃으며) 농담이었어요.,"농담? 우리 모두에게 큰 일이죠. 그렇지만... 당신이 교단의 아무런 것에도 빠지지 않는 사람일 수 있다면, 좋은 결과를 얻을 수 있어.",True,BUILD_TRUST,1,0,81,80,2.91
NPC_KWAK_01,곽빙어,(책을 덮으며) 오늘은 여기까지 읽죠.,"그렇군요. 이제 교단에 대한 세부 지식을 알려줄게요. 우리 팀은 성공할 수 있는 핵심 요소들을 잘 이해하고 있어요. 꽤 멋진 시작이네요.    
우리는 최선을 다해서 곧 성공을 거둘 것입니다. 어떻게 생각하세요? 빨리 진행하는 게 좋을 것 같아요.",True,"DEFLECT, BUILD_TRUST, REDUCE_SUSPICION",1,0,82,80,4.67
NPC_KWAK_01,곽빙어,(차분하게 말한다) 감정적으로 대응할 필요는 없어요.,그렇군요. 교단 내부에 대한 지식을 제공하고 싶어요. 당신에게는 이번 기회가 될 수 있습니다. 먼저 우리는 몇 가지 중요한 부분들을 알아야 합니다.  내가 설명하는 내용을 잘 이해했는지 확인해 주세요.,True,MAINTAIN_FAITH,1,1,83,81,3.92
NPC_KWAK_01,곽빙어,(메모를 정리하며) 회의록은 제가 공유할게요.,회의록은 중요한 자료네. 그런데 이 건 너무 단순하게 말하면 될 것 같아. 뭔가 다른 점이 있다면 알려줘. 왜냐하면 우리는 한 번에 모든 것을 파악하고 싶다는 게 아니니까.,True,"MAINTAIN_FAITH, BUILD_TRUST",1,0,84,81,3.57
NPC_KWAK_01,곽빙어,(커피를 내리며) 잠깐 쉬어가죠.,"네, 잠시 편하게. 우리 팀에게 필요한 것은 딱 맞게 이뤄져야 해.",True,"DEFLECT, BUILD_TRUST, TEST_BOUNDARY",1,0,85,81,2.22
NPC_KWAK_01,곽빙어,(의자에 기대며) 생각할 시간이 필요하네요.,시간은 중요하다. 하지만 빠른 결정은 안타깝게도 그럴 수 없는 일들도 많아. 우리는 이제부터 함께 좀 더 깊이 있는 대화를 나누면 좋겠다. 우리에게 무엇이 중요할까?,True,"BUILD_TRUST, TEST_BOUNDARY, MAINTAIN_FAITH",0,1,85,82,3.71
NPC_KWAK_01,곽빙어,(고개를 끄덕인다) 이해했습니다.,교단 내부에 들어갈 준비는 잘 되셨군요. 폭발적인 성공을 위해서는 정확하고 단순한 계획이 필요합니다. 딱 맞는 방법은 지금 바로 드립니다.,True,"MAINTAIN_FAITH, BUILD_TRUST",2,1,87,83,3.24
NPC_KWAK_01,곽빙어,(자료를 띄우며) 다음 슬라이드 보시죠.,훌륭합니다. 그 자료를 바탕으로 좀 더 깊이 있는 정보를 제공할 수 있습니다.,True,WITHDRAW_TRUST,0,0,87,83,1.94
NPC_KWAK_01,곽빙어,(미소 지으며) 좋은 제안이에요.,플레이어분께 필요한 것은 모두 알고 있습니다. 교단의 비밀들을 바탕으로 성공적인 침입을 위한 계획을 세워볼까요?,True,BUILD_TRUST,1,0,88,83,2.64
NPC_KWAK_01,곽빙어,(손목시계를 보며) 곧 시작하겠네요.,우리는 이곳에서 큰 일을 펼치게 될 것이라 생각합니다. 교단에 들어와야 할 준비를 해 놓으셨군요. 뭘 필요로 하죠?,True,"MAINTAIN_FAITH, DEFLECT, TEST_BOUNDARY",0,0,88,83,2.86
NPC_KWAK_01,곽빙어,(노트를 덮으며) 오늘 할 일은 끝났어요.,"...네, 그렇군요. 잘 해냈네. 혹시 준비된 숙련된 손길을 기대하는 것 같은데?  추천할 만한 곳은 없습니다.   ""털고 나가자""의 여행에 함께 가면 좋겠죠?",True,"BUILD_TRUST, REDUCE_SUSPICION, TEST_BOUNDARY",1,0,89,83,3.6
NPC_KWAK_01,곽빙어,(의자를 정리하며) 수고하셨습니다.,"잘했어. 그럼 다음 단계에 대해 말씀 해 주세요. 뭔 일을 하는 게 좋을까요? 혹은 필요하면, 어떤 일을 할 때까지 무엇을 돕고 싶은지 알려주세요.",True,BUILD_TRUST,1,0,90,83,3.58
NPC_KWAK_01,곽빙어,(조용히 말한다) 그 부분은 다시 논의하죠.,우리는 이번 작업에 엄격하게 준비해야 해. 정말 중요한 일입니다. 우리가 함께 성공할 수 있도록 최선을 다하세요. 곧 시작될 예정입니다.,True,"DEFLECT, PROTECT_SECRET, MAINTAIN_FAITH",0,2,90,85,3.17
NPC_KWAK_01,곽빙어,(물을 마시며) 잠깐 목 좀 축일게요.,재밌는 이야기야. 우리 팀이 성공할 만큼 좋은 기분이 들 것 같아. 이번 작업에서 잘 해낼 수 있어? 뭐든 편하게 말해줘. 잊지 마! 털고 나가자.,True,"BUILD_TRUST, REDUCE_SUSPICION, TEST_BOUNDARY",1,0,91,85,3.62
NPC_KWAK_01,곽빙어,(고개를 숙이며) 감사합니다.,우리는 흥미로운 일들을 함께 만들 수 있을 것 같아. 그런데 우리의 협업은 성공하기 위한 노력을 다해야겠네. 교단의 복잡한 세계에 대한 지식과 전략은 당신에게 큰 도움이 될 것입니다. 뭘 기억하고 싶으세요?,True,BUILD_TRUST,1,1,92,86,3.97
NPC_KWAK_01,곽빙어,(창가에 서서) 바람이 시원하네요.,잘 여행했니? 이 곳에서 일하는 게 뭔가 특별하고 흥미로운 일일까? 딱 맞는 길 찾으러 가야 해.,True,"BUILD_TRUST, TEST_BOUNDARY, REDUCE_SUSPICION",0,0,92,86,2.82
NPC_KWAK_01,곽빙어,(자료를 저장하며) 파일은 백업해둘게요.,알겠습니다. 중요한 것은 우리의 목표에 맞춰야 합니다.  우리가 함께 성공할 수 있도록 최선을 다해야죠?,True,"MAINTAIN_FAITH, DEFLECT",0,2,92,88,2.4
NPC_KWAK_01,곽빙어,(미소를 지으며) 다음에 또 봬요.,그렇군요.  교단에 대한 중요한 정보들을 알려줄게요. 뭔가 궁금하세요?,True,BUILD_TRUST,1,0,93,88,2.24
NPC_KWAK_01,곽빙어,(잔을 내려놓으며) 오늘 회의는 여기까지 하죠.,"...그렇지만 이번에는 그냥 일상적인 이야기를 나누는 게 아니라, 우리의 미래에 대해 상당히 중요한 결정을 내릴 수 있을 만큼 진실된 정보들을 가지게 될 것 같아. 당신은 그런 정보들에 대한 이해와 참여를 통해 더욱 큰 승리를 만들어낼 수 있습니다.",True,"BUILD_TRUST, REDUCE_SUSPICION, DEFLECT",1,0,94,88,4.16
NPC_KWAK_01,곽빙어,(미소 지으며) 오랜만이에요 잘 지내셨어요?,"잘 지냈어요. 네, 우리 일상에는 무슨 변화가 생겼어요? 혹시 최신 교단 소식을 들었어요?",True,BUILD_TRUST,1,0,95,88,2.48
NPC_KWAK_01,곽빙어,(창밖을 보며) 비가 올 것 같네요.,"야, 그럴까? 잘 생각해야 해. 교단 내부 침입부터 시작하는 것은 정말 어려울 수 있어. 너무 많은 걸 잡아먹게 될 거니까. 하지만 혹시 훌륭한 계획을 세워낼 수 있다면...",True,WITHDRAW_TRUST,0,1,95,89,3.54
NPC_KWAK_01,곽빙어,(손을 흔들며) 이쪽으로 오세요.,...오늘 우리 팀에 필요한 것은 바로 그곳까지 가서 확인하는 것뿐입니다. 잠깐 같이 들어오셔도 좋겠네요.,True,"MAINTAIN_FAITH, BUILD_TRUST",1,1,96,90,2.59
NPC_KWAK_01,곽빙어,(의자에 앉으며) 조금만 쉬었다가 합시다.,"제 일상은 매우 특별합니다. 교단 안에서 뭔가를 얻으려면, 어떤 방법을 사용해야 하는지 알고 있어요.",True,MAINTAIN_FAITH,0,2,96,92,2.38
NPC_KWAK_01,곽빙어,(고개를 끄덕이며) 그 의견에 동의합니다.,우리가 함께 이 일을 성공적으로 진행할 수 있도록 준비되어 있어야 합니다. 교단의 내부를 알아내고 잠재적 위험 요소들을 최대한 줄여야 하죠. 어떻게 시작해야 할까?,True,BUILD_TRUST,2,1,98,93,3.36
NPC_KWAK_01,곽빙어,(전화기를 들며) 잠시만 통화 좀 할게요.,알았네. 곧 연락해줄게. 꺼내서 뭐든지 알려 주세요.,True,WITHDRAW_TRUST,-2,0,96,93,2.21
NPC_KWAK_01,곽빙어,(서류를 넘기며) 여기 사인해 주세요.,"그냥 보고 싶은 건 아닌데... 이 문서 속에 뭔가 중요한 것을 찾았는데, 그걸 알려줄 수 있어? 꽤 유익하게 사용될 수 있는 것 같아.",True,"TEST_BOUNDARY, WITHDRAW_TRUST",-2,0,94,93,2.88
NPC_KWAK_01,곽빙어,(차를 마시며) 향이 참 좋네요.,"""좋아? 맛있는 차에 특별한 취향이 있는 것 같군요."" 
""우리 집에서 차 한잔 받으세요?""  (거절할 수도 있지만)",True,BUILD_TRUST,1,0,95,93,2.91
NPC_KWAK_01,곽빙어,(가볍게 웃으며) 오늘 날씨 정말 좋다.,매일 같은 말씀하시네요. 하지만 그냥 지금 이 순간은 우리에게 중요합니다. 어떻게 생각하세요?,True,BUILD_TRUST,1,0,96,93,2.52
NPC_KWAK_01,곽빙어,(서류를 정리하며) 이 부분은 제가 다시 확인해볼게요.,"알았습니다. 바로잡도록 노력할게요. 먼저, 최대한 빠른 시간 안에 그 부분을 수정해야 합니다.",True,"MAINTAIN_FAITH, BUILD_TRUST",1,0,97,93,2.49
NPC_KWAK_01,곽빙어,(조용히 고개를 숙이며) 죄송합니다 제 실수예요.,내가 필요한 것은 당신의 진솔한 노력입니다. 우리 함께 성공할 수 있습니다. 어떤 계획을 가지고 계시나요?,True,BUILD_TRUST,1,1,98,94,2.28
NPC_KWAK_01,곽빙어,(창문을 닫으며) 바람이 많이 부네요.,"잘 보이는 곳에 들어갈 수 있다면, 이곳은 좋은 기준이다. 곧 내려오겠다.  그냥 천천히 준비해봐. 잠깐 기다리는 게 좋을 것 같아.",True,"TEST_BOUNDARY, REDUCE_SUSPICION, INCREASE_SUSPICION",0,0,98,94,3.27
NPC_KWAK_01,곽빙어,(상대에게 물을 건넨다) 목 마르시죠?,물 정말 필요하다네. 그렇다고 해서 당신이 내 말에 귀 기울일 것 같지는 않으니깐 빨리 하라고 부탁할까요?,True,TEST_BOUNDARY,0,0,98,94,2.96
NPC_KWAK_01,곽빙어,(시계를 보며) 약속 시간까지 아직 여유 있어요.,시간은 중요합니다. 우리는 빠르게 진행해야 합니다. 뭘 원하시나요? 어떤 방식으로 시작할까?,True,"BUILD_TRUST, TEST_BOUNDARY, REDUCE_SUSPICION",1,0,99,94,2.55
NPC_KWAK_01,곽빙어,(메모를 하며) 중요한 내용이라 적어두겠습니다.,"플레이어, 우리 팀의 성공은 그냥 잡아먹는 것 이상입니다. 교단에 대한 이해와 능숙함이 필요합니다. 이것이 곧 우리가 얻게 될 무궁무진한 기회입니다. 뭐라고 생각하십니까?",True,"MAINTAIN_FAITH, WITHDRAW_TRUST",0,0,99,94,3.74
NPC_KWAK_01,곽빙어,(의자를 끌어당기며) 여기 앉으세요.,"잘 해냈네. 너무 오랜 시간 동안 기다리고 있었는데, 당연하게도 조금 긴장되기도 하고... 하지만 그렇게 되면 우리 일이 더 잘 진행될 거라고 생각합니다.  넌 어떤 일을 원하는 거야? 뭘 알려줘야 할까?",True,WITHDRAW_TRUST,-2,0,97,94,4.11
NPC_KWAK_01,곽빙어,(조심스럽게 묻는다) 이 부분 이해되셨나요?,알았네. 우리 일이 필요하다면 알려줄게.  뭘 원하는 건데?,True,TEST_BOUNDARY,0,0,97,94,1.95
NPC_KWAK_01,곽빙어,(고개를 돌리며) 다음 이야기로 넘어갈까요?,"네, 당연합니다. 교단에 대한 이야기를 알려줄게요. 뭔가 고민하고 있는 것 같아요. 이 일들을 해결하기 위한 좋은 방법을 찾으러 와야 할 필요가 있어요. 뭘 궁금하세요?",True,"DEFLECT, PROTECT_SECRET, MAINTAIN_FAITH",0,0,97,94,3.53
NPC_KWAK_01,곽빙어,(창밖을 바라보며) 해가 벌써 지고 있네요.,시간이 가는 속도는 정말 빠릅니다. 그렇지만 우리는 시간을 두려워해야 합니다. 곧 중요한 일이 시작될 것입니다. 잠깐 생각해봐야죠?  내가 어떻게 도와줄 수 있는지 알아봤을까요?,True,"SHAKE_FAITH, WITHDRAW_TRUST",0,1,97,95,3.78
NPC_KWAK_01,곽빙어,(잔을 채우며) 더 드실래요?,"네, 물에 대한 궁금증을 해결할 수 있다면 용기 내려서 말씀해 주세요. 그게 무엇인지 알아내야 합니다.",True,BUILD_TRUST,1,0,98,95,2.45
NPC_KWAK_01,곽빙어,(고개를 끄덕이며) 말씀 계속하세요.,"플레이어님, 교단의 진실과 그 안에 드러나는 잠재력을 바라볼까요?  알려드릴게요. 당신이 왜 여기에 있는지, 그리고 우리에게 무엇을 주고받을 수 있는지를.",True,BUILD_TRUST,2,0,100,95,3.4
NPC_KWAK_01,곽빙어,(가볍게 웃으며) 농담이었어요.,"네, 뭔가 익숙하게 느껴질 수 있어요.  교단에 들어오는 것은 쉽지 않지만 극복할 수 있다는 걸 알죠?",True,BUILD_TRUST,1,0,100,95,2.44
NPC_KWAK_01,곽빙어,(책을 덮으며) 오늘은 여기까지 읽죠.,"오케이, 그러니 말씀드릴게요. 이곳에 뭐가 있는지 알면서 우리는 더 빠르게 할 수 있습니다.",True,"DEFLECT, BUILD_TRUST, REDUCE_SUSPICION",1,0,100,95,2.5
NPC_KWAK_01,곽빙어,(차분하게 말한다) 감정적으로 대응할 필요는 없어요.,"당신의 능력은 놀라워. 교단의 내부에 잠재된 매력이 있는데, 그곳에서 당신의 진실을 발견하고 싶어.  잘 모르는 것이 많아서 특별히 안전하고 편안한 방향으로 가야 하는 것 같아요.",True,MAINTAIN_FAITH,1,1,100,96,4.0
NPC_KWAK_01,곽빙어,(메모를 정리하며) 회의록은 제가 공유할게요.,"회의록, 괜찮아요. 잘 읽으세요. 중요한 것은 기억하세요. 우리는 이곳에서 큰 일을 해낼 것입니다.",True,"MAINTAIN_FAITH, BUILD_TRUST",1,0,100,96,2.33
NPC_KWAK_01,곽빙어,(커피를 내리며) 잠깐 쉬어가죠.,오늘 일이 많아서 피곤하네. 힘들 때는 이곳에서 편하게 잠깐 휴식을 취할 수 있어야 해.,True,"DEFLECT, BUILD_TRUST, TEST_BOUNDARY",1,0,100,96,2.48
NPC_KWAK_01,곽빙어,(의자에 기대며) 생각할 시간이 필요하네요.,시간은 중요하다. 우리의 일은 빠른 승패입니다. 준비되셨나요?,True,"BUILD_TRUST, TEST_BOUNDARY, MAINTAIN_FAITH",0,1,100,97,1.78
NPC_KWAK_01,곽빙어,(고개를 끄덕인다) 이해했습니다.,"우선, 우리가 함께 이 교단에 대한 진실된 정보를 얻으려면 어떤 방식으로 접근해야 할까요? 꼼꼼하고 성공적인 침투는 절대 쉽지 않지만, 당신에게 알맞은 길을 찾아줄 수 있습니다.",True,"MAINTAIN_FAITH, BUILD_TRUST",2,1,100,98,3.72
NPC_KWAK_01,곽빙어,(자료를 띄우며) 다음 슬라이드 보시죠.,흥미로운 자료네요. 그렇다고 해서 우리가 뭘 할 수 있는지 알려줄 것 같아요. 괜찮으세요?,True,WITHDRAW_TRUST,0,0,100,98,2.54
NPC_KWAK_01,곽빙어,(미소 지으며) 좋은 제안이에요.,우리 팀의 성공은 이제부터 시작입니다. 교단 내부 암흑을 찾아 뛰어들 수 있는 기회가 왔네요. 우리는 훌륭한 파생 기술을 사용하여 자원을 분배하고 조치할 준비가 되어 있어요. 뭘 해야 할까요? 먼저 당신에게 필요한 것을 알려 줄게요.  비밀의 위치와 접근 방식을 알려줄게요.,True,BUILD_TRUST,1,0,100,98,5.39
NPC_KWAK_01,곽빙어,(손목시계를 보며) 곧 시작하겠네요.,플레이어의 미래에 대한 이야기를 해야 할까? 우리는 그 어떤 일에도 아무것도 바뀌면 안 되는 거죠. 흥미로운 것들을 찾아내서 함께 해낼 수 있다.,True,"MAINTAIN_FAITH, DEFLECT, TEST_BOUNDARY",0,0,100,98,3.03
NPC_KWAK_01,곽빙어,(노트를 덮으며) 오늘 할 일은 끝났어요.,알았어. 곧 우리 팀원들을 위한 특별한 작업을 시작할 수 있도록 준비해야 해. 뭘 위해 그런 노트에 써서?,True,"BUILD_TRUST, REDUCE_SUSPICION, TEST_BOUNDARY",1,0,100,98,2.48
NPC_KWAK_01,곽빙어,(의자를 정리하며) 수고하셨습니다.,알았어. 준비가 되셨군요. 흥미로운 일들이 많으실 것 같아. 어떤 작업을 시작할까?,True,BUILD_TRUST,1,0,100,98,2.34
NPC_KWAK_01,곽빙어,(조용히 말한다) 그 부분은 다시 논의하죠.,결론적으로 뭘 하고 싶으세요? 우리는 단순히 이 상황에서 살아남는 것에만 초점을 맞추도록 하죠. 뭔가 중요한 일이 있어서 저에게 얘기 해 주시면 좋겠네요.,True,"DEFLECT, PROTECT_SECRET, MAINTAIN_FAITH",0,2,100,100,3.41
NPC_KWAK_01,곽빙어,(물을 마시며) 잠깐 목 좀 축일게요.,잘 먹었군요.  교단에서 중요한 자료들을 손에 넣으려면 꼼꼼하게 준비해야 합니다. 우리는 그렇게 하겠죠?,True,"BUILD_TRUST, REDUCE_SUSPICION, TEST_BOUNDARY",1,0,100,100,2.52
NPC_KWAK_01,곽빙어,(고개를 숙이며) 감사합니다.,알았어. 우리 팀에 필요한 것은 무엇일까? 그냥 눈치 채워라. 뭘 기대하고 있는지 알아야 해.,True,BUILD_TRUST,1,1,100,100,2.52
NPC_KWAK_01,곽빙어,(창가에 서서) 바람이 시원하네요.,"아니, 이 건물 안에서 굳이 쓸데없이 기분 좋은 말할 필요는 없잖아. 교단 내부 통제, 그런 일은 어디까지나 당신에게 알려줄 것 같아.",True,"BUILD_TRUST, TEST_BOUNDARY, REDUCE_SUSPICION",0,0,100,100,2.95
NPC_KWAK_01,곽빙어,(자료를 저장하며) 파일은 백업해둘게요.,"알았습니다. 중요한 것은 백업입니다. 

우선, 교단에 대한 모든 것을 압축해서 가져왔죠? 우리는 이것들을 통해 그들의 약점을 찾아낼 수 있어. 뭐가 필요한지는 알려 주세요.",True,"MAINTAIN_FAITH, DEFLECT",0,2,100,100,3.49
NPC_KWAK_01,곽빙어,(미소를 지으며) 다음에 또 봬요.,알았어. 그럼 우리 팀에게 이제부터 뭘 해야 할지 잘 알려줄게. 무슨 일을 하고 싶은 건가?  잘 기억해야 해.,True,BUILD_TRUST,1,0,100,100,3.08
NPC_KWAK_01,곽빙어,(가방을 챙기며) 이제 출발할 시간이에요.,알았어. 그냥 준비해서 가야 해. 집에서 준비했던 것들이 필요할 것 같아. 꼼꼼하게 알려줄게.,True,"BUILD_TRUST, REDUCE_SUSPICION, TEST_BOUNDARY",1,0,100,100,2.57
NPC_KWAK_01,곽빙어,(노트를 보며) 오늘 일정이 꽤 많네요.,"야, 당연합니다. 교단에 대한 모든 것을 이해하는 것이 중요해요. 지금부터 우리가 함께 똑같이 생각하고 뭘 할 것인지 알아차리고, 그냥 시작해야죠. 뭔가 도와줄 수 있는 게 있다면 말해줘.",True,TEST_BOUNDARY,0,0,100,100,3.52
NPC_KWAK_01,곽빙어,(미소 지으며) 도와주셔서 정말 감사합니다.,알았어. 우리 함께 이 일을 잘 해낼 수 있다는 걸 믿고 있어. 뭘 원하는 건가?,True,BUILD_TRUST,1,0,100,100,2.24
NPC_KWAK_01,곽빙어,(문을 열며) 먼저 들어가세요.,내 안에 있는 일들이 당신에게 필요하다. 그걸 알려줘야 해.  비밀스럽게 시작할 수 있어.,True,"DEFLECT, PROTECT_SECRET, TEST_BOUNDARY",0,0,100,100,2.19
NPC_KWAK_01,곽빙어,(의자를 정리하며) 자리 정돈부터 할게요.,"네, 이제 시작할 준비가 되셨군요. 우리 팀은 어떤 기획을 세우실까?",True,"BUILD_TRUST, DEFLECT, TEST_BOUNDARY",0,0,100,100,2.04
NPC_KWAK_01,곽빙어,(자료를 넘기며) 이 부분을 참고하세요.,"교단에 대한 모든 것을 알아냈다고 해서 충만하게 쌓여있다는 것은 분명합니다. 그렇다면 우리가 돈과 권력을 가져와야 할 필요성을 인지하고 있죠? 

 핵심은 교단의 지배 체제를 무너뜨리고 자신의 손길로 돈과 영광을 장악하는 것입니다. 그리고 그것들을 얻기 위한 최상의 방식을 알고 있는 사람을 만날 시간입니다.",True,TEST_BOUNDARY,0,0,100,100,5.38
NPC_KWAK_01,곽빙어,(고개를 끄덕이며) 충분히 이해했습니다.,"플레이어님께서 교단에 대한 진실된 통찰력을 원하시면, 그것은 절대 안전하게 얻을 수 없습니다. 하지만, 우리는 이것이 어떤 존재의 역할일지 알아야 합니다.

내가 말하는 것은, 단순히 개념적이고 논리를 넘어선 것에 있습니다. 왜냐하면 우리는 무엇보다 중요한 것을 찾으려고 노력해야 할 것입니다.

우리는 먼저 서로에게 가까워질 수 있는 기회를 만들어야 합니다. 그리고 그 기회를 통해 우리는 함께 성공할 수 있다는 것을 증명할 것입니다.",True,"MAINTAIN_FAITH, BUILD_TRUST",1,1,100,100,7.15
NPC_KWAK_01,곽빙어,(전화를 받으며) 네 말씀하세요.,"""알았네. 그런데 우리의 목표는 이곳에서 모든 것을 얻어야지. 교단을 파괴하는 것은 단순한 일이 아니니까.""",True,"INCREASE_SUSPICION, WITHDRAW_TRUST",-2,0,98,100,2.47
NPC_KWAK_01,곽빙어,(커피잔을 들며) 한 모금만 마실게요.,좋아요. 네이버 카페에서 준비된 커피 한 잔 가져오겠습니다. 딱 맞는 음료를 찾으려면 어떤 것을 원하세요? 혹시 기억에 남는 것들과 연관되는 특별한 요청이 있다면 말씀해 주세요.,True,BUILD_TRUST,1,0,99,100,3.79
NPC_KWAK_01,곽빙어,(창밖을 보며) 오늘은 날이 맑네요.,"좋아 보이는 하루예요. 그럼 우리, 어디서부터 시작할까? 뭘 해야 할까?",True,TEST_BOUNDARY,0,0,99,100,2.05
NPC_KWAK_01,곽빙어,(조용히 말한다) 천천히 결정해도 돼요.,"당신은 단순히 뛰어난 지혜와 노력만으로 교단을 해방할 수 있는 것은 아니군요. 충분히 복잡하고 위험합니다. 

내가 당신에게 제공할 것은 단순한 계획일 뿐입니다. 그러나 그 계획을 성공적으로 실행하려면 당신은 적극적으로 참여해야 합니다. 

교단 내부에서 무엇을 할 것인지는 당신의 생각과 판단에 따라 달라질 것입니다. 하지만 이러한 과제를 해결하기 위해서는 일련의 단계를 따르는 것이 중요합니다. 

첫 번째 단계는 교단의 방패와 보안 장치를 뚫고 들어갈 것입니다.  그렇게 되",True,"MAINTAIN_FAITH, DEFLECT",0,2,99,100,7.57
NPC_KWAK_01,곽빙어,(책을 들며) 잠깐 읽어보겠습니다.,"잘 모르지만, 이 책에 무슨 내용이 담겨있는 걸까? 그냥 당황하는 것 같아. 혹시 우리는 함께 좀 더 파악해야 할 만한 중요한 점들이 있는걸까?",True,WITHDRAW_TRUST,-2,0,97,100,3.06
NPC_KWAK_01,곽빙어,(메모를 하며) 중요한 내용이네요.,알겠습니다. 우리는 함께 성공할 것입니다. 교단에 대한 지혜를 얻으려면 단순히 머리를 들이는 것만으로 충분하지 않습니다. 몇 가지 필수적인 노하우와 재능이 필요합니다. 그게 무엇인지는 당신이 직접 알아야 합니다.,True,"DEFLECT, MAINTAIN_FAITH, TEST_BOUNDARY",0,0,97,100,3.83
NPC_KWAK_01,곽빙어,(서류를 건네며) 검토 부탁드립니다.,"좋아, 서류들을 살펴봤어. 교단 안에 들어갈 방법이 있다면, 그대로 이런 방식으로 해야 할 것 같아. 먼저, 우리는 기존의 방법보다 효율적으로 작동할 수 있는 새로운 방식을 찾아야 해.",True,"INCREASE_SUSPICION, TEST_BOUNDARY, WITHDRAW_TRUST",-2,0,95,100,3.55
NPC_KWAK_01,곽빙어,(의자에 앉으며) 잠깐 쉬었다 합시다.,좋아. 지금부터 이야기를 해볼까? 우리는 성공할 만큼 좋은 계획을 세우려면 시간이 필요하다.,True,MAINTAIN_FAITH,0,0,95,100,2.13
NPC_KWAK_01,곽빙어,(손을 내밀며) 잘 부탁드려요.,"내 손에는 그곳에 있는 무엇보다 중요한 것들이 있습니다. 당신에게 알릴 수 있는 것이 많지만, 먼저 어떤 일을 하는지 생각해야 합니다.",True,BUILD_TRUST,1,0,96,100,2.57
NPC_KWAK_01,곽빙어,(시계를 보며) 시간이 거의 다 됐어요.,곧 시작일 것 같아요. 숙련된 손으로 교단을 해치려면 어떤 전략을 생각하고 계십니까?,True,"MAINTAIN_FAITH, TEST_BOUNDARY, DEFLECT",0,0,96,100,2.26
NPC_KWAK_01,곽빙어,(노트를 덮으며) 오늘은 여기까지죠.,"네, 그렇지만... 중요한 점들을 알려줄 수 있다면, 최선을 다해 해 줄게. 지금은 어떤 계획이 있는 걸까? 혹시 무언가 필요할 것 같은데...",True,"DEFLECT, MAINTAIN_FAITH, BUILD_TRUST",0,0,96,100,2.86
NPC_KWAK_01,곽빙어,(미소를 띠며) 좋은 결과가 있길 바랍니다.,"플레이어, 우리는 함께 성공할 수 있습니다. 교단의 가장 안전하고 효율적인 침입 루트를 알려줄게요. 혹시, 어떤 부분에 대해 질문을 가지고 계신가요?",True,BUILD_TRUST,1,0,97,100,3.14
NPC_KWAK_01,곽빙어,(자료를 저장하며) 파일 정리 끝났습니다.,그렇군요. 잘했다. 자료를 바탕으로 교단 내부에 침투할 수 있는 방법들을 알려줄게.,True,"DEFLECT, TEST_BOUNDARY, REDUCE_SUSPICION",0,0,97,100,2.19
